slug,title,description,lane,narrator_gender,audience,vibe,audio_min,aura,palette,speed,grain,thumbnail_concept,released,youtube_url,notes
"not-jealous","I'm Not Jealous.. Come Here [Boyfriend Roleplay] [Argument] [Making Up] ASMR","pov: you laughed at someone else's joke at the party, and he went quiet the whole ride home. he says he's not jealous. he's lying.
create any spicy audio story at yourname.media

[M4F] [Boyfriend Roleplay] [Jealous] [Argument] [Making Up] [Comfort]","jealous","male","M4F","He's been off all evening since he saw her laughing with someone else at the party.","9.3","lava","blue","0.5","dense","iMessage bubbles: ""to be clear i'm not jealous"" / ""but"" / voice-message bubble","no","",""
"not-going-anywhere","You're Not Going Anywhere.. You Don't Want To [Devoted Boyfriend] [Soft Yandere] [Possessive] ASMR","pov: a quiet night in — you're wearing his shirt, rain on the window, and he's been watching you like he's memorizing something.
create any spicy audio story at yourname.media

[M4F] [Soft Yandere] [Devoted] [Possessive] [Rain]","devoted","male","M4F","A quiet evening in.","7.9","lava","blue","1","dense","anime-style shadowed eyes shot + quote","no","",""
"cant-sleep","You Can't Sleep, So He Talks You Down [M4F] [Sleep Aid] [Rain] [Boyfriend ASMR]","pov: it's late, it's raining, and you've been turning over for an hour with tomorrow too loud in your head — and he notices.
create any spicy audio story at yourname.media

[M4F] [Sleep Aid] [Rain] [Comfort] [Soft Spoken → Whisper] [Black Screen Friendly]","sleep","male","M4F","Late.","14.2","pulse","black","1","dense","all-black minimal, faint breathing core, ""can't sleep?""","no","",""
"waited-up","I Waited Up For You.. Come Here [Girlfriend Roleplay] [F4M] [Comfort] [Praise] ASMR","pov: you come home late and completely wrecked. one lamp is still on. she waited up, and she's already off the couch.
create any spicy audio story at yourname.media

[F4M] [Girlfriend Roleplay] [Comfort] [Praise] [Reassurance] [Sleep Adjacent]","gfcomfort","female","F4M","He comes home late — drained, past the point of words, the kind of tired that isn't about sleep.","9.8","pulse","pink","2.5","dense","pink/girly: soft pink aura, lamp-glow warmth, ""i waited up.""","no","",""
"not-jealous-v2","I'm Not Jealous.. Come Here [Boyfriend Roleplay] [Argument] [Making Up] ASMR","pov: you laughed at someone else's joke at the party, and he went quiet the whole ride home. he says he's not jealous. he's lying.
create any spicy audio story at yourname.media

[M4F] [Boyfriend Roleplay] [Jealous] [Argument] [Making Up] [Comfort]","jealous","male","M4F","He's been off all evening since he saw her laughing with someone else at the party.","9.8","","","","","","no","",""
"the-bodyguard","Your Bodyguard Breaks Protocol.. Six Years of Restraint [M4F] [Protective] [Confession] ASMR","pov: the threat at the gala was real, the safehouse door just locked, and your bodyguard of six years has stopped pretending this is just the job.
create any spicy audio story at yourname.media

[M4F] [Bodyguard] [Protective] [Confession] [Forbidden] [Comfort Landing]","protective","male","M4F","The gala threat was real.","10.5","","","","","","no","",""
